123-45-6789,Librarian,39,15
123-45-6790,Librarian,39,15
123-45-6791,Librarian,39,15
123-45-6792,Librarian,39,15
123-45-6793,Librarian,45,15
123-45-6794,Librarian,45,15
123-45-6795,Librarian,45,15
123-45-6796,Librarian,45,15
123-45-6797,Librarian,45,15
123-45-6798,TA,45,15
123-45-6799,TA,45,15
123-45-6800,TA,56,15
123-45-6801,TA,56,15
123-45-6802,TA,56,15
123-45-6803,TA,56,15
123-45-6804,TA,56,15
123-45-6805,TA,56,15
123-45-6806,TA,56,15
123-45-6807,TA,24,15
123-45-6808,TA,24,15
123-45-6809,TA,24,15
123-45-6810,TA,24,15
123-45-6811,CA,80,15
123-45-6812,CA,80,15
123-45-6813,CA,80,15
123-45-6814,CA,80,15
123-45-6815,RA,80,15
123-45-6816,RA,80,15
123-45-6817,RA,80,15
123-45-6818,RA,80,15
